{
  "r2": 0.9372302741037496,
  "rmse": 0.03591176785447415,
  "mae": 0.029495440658897042,
  "baseline_rmse": 0.14426130047933836
}